Year,TradeFlowName,TradeValueK,ProductCode,first,second,third,fourth
2015,Import,0,3,3,3: Other,,
2014,Import,0,1,1,1: Other,,
2010,Export,10507.577,9,9,9: Other,,
2017,Import,-9.313225746e-10,3,3,3: Other,,
2012,Export,24692.348,9,9,9: Other,,
2015,Export,-1.862645149e-09,3,3,3: Other,,
2009,Import,1.862645149e-09,3,3,3: Other,,
2011,Export,0,1,1,1: Other,,
2008,Export,0,0,0,0: Other,,
2011,Import,-9.313225746e-10,1,1,1: Other,,
2018,Export,0,3,3,3: Other,,
2017,Export,-9.313225746e-10,2,2,2: Other,,
2010,Import,-1.862645149e-09,2,2,2: Other,,
2017,Import,0,0,0,0: Other,,
2009,Export,0,3,3,3: Other,,
2009,Import,-2.328306437e-10,1,1,1: Other,,
2009,Export,0,1,1,1: Other,,
2012,Export,-9.313225746e-10,2,2,2: Other,,
2008,Export,0,3,3,3: Other,,
2011,Import,6677.722,9,9,9: Other,,
2017,Export,4.656612873e-10,1,1,1: Other,,
2017,Import,1.862645149e-09,2,2,2: Other,,
2011,Export,0,2,2,2: Other,,
2014,Export,0,2,2,2: Other,,
2013,Export,56225.494,9,9,9: Other,,
2016,Import,4670.064,9,9,9: Other,,
2010,Export,0,1,1,1: Other,,
2011,Import,-1.862645149e-09,2,2,2: Other,,
2019,Import,0,0,0,0: Other,,
2010,Export,0,0,0,0: Other,,
2015,Import,0,1,1,1: Other,,
2008,Export,0,1,1,1: Other,,
2008,Import,0,1,1,1: Other,,
2009,Export,0,0,0,0: Other,,
2008,Export,-9.313225746e-10,2,2,2: Other,,
2013,Export,0,0,0,0: Other,,
2011,Export,26203.246,9,9,9: Other,,
2009,Export,15956.194,9,9,9: Other,,
2015,Export,0,0,0,0: Other,,
2013,Import,21360.269,9,9,9: Other,,
2012,Import,1.862645149e-09,2,2,2: Other,,
2017,Export,0,0,0,0: Other,,
2012,Import,0,1,1,1: Other,,
2015,Export,0,2,2,2: Other,,
2018,Import,15373.066,9,9,9: Other,,
2012,Import,1.862645149e-09,3,3,3: Other,,
2013,Import,0,2,2,2: Other,,
2018,Export,-9.313225746e-10,2,2,2: Other,,
2010,Import,2.910383046e-11,0,0,0: Other,,
2018,Import,0,1,1,1: Other,,
2019,Export,9.313225746e-10,2,2,2: Other,,
2014,Export,4.656612873e-10,0,0,0: Other,,
2016,Import,0,2,2,2: Other,,
2018,Export,0,0,0,0: Other,,
2011,Export,0,3,3,3: Other,,
2008,Import,0,0,0,0: Other,,
2010,Import,9.313225746e-10,1,1,1: Other,,
2013,Import,0,0,0,0: Other,,
2017,Export,-5.587935448e-09,3,3,3: Other,,
2008,Import,0,3,3,3: Other,,
2010,Export,-9.313225746e-10,2,2,2: Other,,
2019,Export,0,1,1,1: Other,,
2012,Export,-9.313225746e-10,1,1,1: Other,,
2011,Import,0,0,0,0: Other,,
2013,Import,3.725290298e-09,3,3,3: Other,,
2016,Export,-1.862645149e-09,2,2,2: Other,,
2014,Import,1.164153218e-10,0,0,0: Other,,
2019,Export,0,3,3,3: Other,,
2008,Import,-1.862645149e-09,2,2,2: Other,,
2019,Import,0,1,1,1: Other,,
2019,Export,204547.455,9,9,9: Other,,
2008,Import,2859.223,9,9,9: Other,,
2014,Import,20150.789,9,9,9: Other,,
2016,Import,-5.820766091e-11,0,0,0: Other,,
2014,Export,-1.862645149e-09,3,3,3: Other,,
2011,Export,4.656612873e-10,0,0,0: Other,,
2010,Export,0,3,3,3: Other,,
2017,Import,0,1,1,1: Other,,
2010,Import,1536.207000000,9,9,9: Other,,
2008,Export,5472.042,9,9,9: Other,,
2013,Import,9.313225746e-10,1,1,1: Other,,
2013,Export,0,2,2,2: Other,,
2015,Export,56697.949,9,9,9: Other,,
2018,Export,-9.313225746e-10,1,1,1: Other,,
2019,Import,0,3,3,3: Other,,
2014,Export,40478.196,9,9,9: Other,,
2012,Export,0,0,0,0: Other,,
2018,Export,94745.465,9,9,9: Other,,
2017,Export,131316.096,9,9,9: Other,,
2010,Import,0,3,3,3: Other,,
2016,Export,0,3,3,3: Other,,
2015,Import,2.910383046e-11,0,0,0: Other,,
2009,Import,1869.389,9,9,9: Other,,
2015,Import,0,2,2,2: Other,,
2011,Import,0,3,3,3: Other,,
2018,Import,2.910383046e-11,0,0,0: Other,,
2018,Import,0,2,2,2: Other,,
2016,Export,98699.525,9,9,9: Other,,
2019,Export,-2.328306437e-10,0,0,0: Other,,
2014,Export,0,1,1,1: Other,,
2019,Import,0,2,2,2: Other,,
2014,Import,1.862645149e-09,3,3,3: Other,,
2016,Import,0,3,3,3: Other,,
2014,Import,-1.862645149e-09,2,2,2: Other,,
2016,Export,0,1,1,1: Other,,
2012,Import,0,0,0,0: Other,,
2009,Import,0,2,2,2: Other,,
2018,Import,-1.862645149e-09,3,3,3: Other,,
2012,Export,0,3,3,3: Other,,
2009,Export,-4.656612873e-10,2,2,2: Other,,
2015,Import,8884.008,9,9,9: Other,,
2009,Import,0,0,0,0: Other,,
2012,Import,18536.647,9,9,9: Other,,
2016,Import,0,1,1,1: Other,,
2017,Import,3761.662,9,9,9: Other,,
2013,Export,-1.862645149e-09,3,3,3: Other,,
2016,Export,0,0,0,0: Other,,
2015,Export,0,1,1,1: Other,,
2013,Export,0,1,1,1: Other,,
2019,Import,9885.695,9,9,9: Other,,
2019,Import,235132.409,26,2,26,26,26
2011,Export,243213.445,10,1,10,10,10
2015,Import,609482.511,12,1,12,12,12
2019,Import,4056.724,08,0,08,08,08
2012,Import,1637433.33,37,3,37,37,37
2012,Import,766791.123,30,3,30,30,30
2018,Export,248583.955,29,2,29,29,29
2017,Export,1238.584,21,2,21,21,21
2013,Export,1836227.541,01,0,01,01,01
2009,Export,519072.092,24,2,24,24,24
2018,Import,70952.594,91,9,91,91,91
2010,Import,45294.571,27,2,27,27,27
2014,Import,85862.288,39,3,39,39,39
2009,Export,93333.522,39,3,39,39,39
2014,Export,1055415.157,32,3,32,32,32
2015,Import,120320.505,22,2,22,22,22
2012,Import,27878.875,24,2,24,24,24
2009,Export,1094930.502,37,3,37,37,37
2011,Export,726068.772,32,3,32,32,32
2018,Export,5066269.987,35,3,35,35,35
2012,Export,1085227.202,36,3,36,36,36
2013,Import,586497.212,33,3,33,33,33
2017,Import,87589.382,22,2,22,22,22
2015,Import,1312767.034,37,3,37,37,37
2019,Import,287441.445,29,2,29,29,29
2018,Export,231799.676,25,2,25,25,25
2010,Import,4312.775,09,0,09,09,09
2010,Import,5853.274,24,2,24,24,24
2010,Import,1505467.135,37,3,37,37,37
2019,Export,171649.454,39,3,39,39,39
2008,Export,225311.47,38,3,38,38,38
2019,Export,1210395.437,24,2,24,24,24
2012,Export,1090929.279,26,2,26,26,26
2019,Import,75095.727,14,1,14,14,14
2015,Export,3678984.379,35,3,35,35,35
2012,Export,489883.502,34,3,34,34,34
2015,Export,11104.199,08,0,08,08,08
2019,Export,949864.744,32,3,32,32,32
2012,Import,4472824.578,13,1,13,13,13
2016,Export,1036619.873,26,2,26,26,26
2017,Import,49682.255,39,3,39,39,39
2019,Import,368989.322,33,3,33,33,33
2008,Import,9062.271,24,2,24,24,24
2009,Import,1467487.833,37,3,37,37,37
2008,Import,573269.048,30,3,30,30,30
2008,Import,8338.951,31,3,31,31,31
2016,Import,307783.089,26,2,26,26,26
2015,Export,259257.922,38,3,38,38,38
2014,Export,2021476.002,01,0,01,01,01
2013,Import,1210656.996,01,0,01,01,01
2019,Export,376975.703,31,3,31,31,31
2015,Import,841746.579,34,3,34,34,34
2014,Export,124390.21,39,3,39,39,39
2015,Export,1045602.73,28,2,28,28,28
2015,Import,14892.754,23,2,23,23,23
2009,Import,355.865,21,2,21,21,21
2015,Export,29284.073,23,2,23,23,23
2011,Import,158237.72,25,2,25,25,25
2018,Export,155764.137,02,0,02,02,02
2008,Export,95740.228,09,0,09,09,09
2016,Import,35755.098,02,0,02,02,02
2011,Export,69167.965,02,0,02,02,02
2011,Export,11456.109,08,0,08,08,08
2017,Export,10545.874,08,0,08,08,08
2019,Export,4355862.968,35,3,35,35,35
2014,Export,1851.5,21,2,21,21,21
2008,Export,769519.187,32,3,32,32,32
2015,Import,3827.134,91,9,91,91,91
2017,Export,1150964.525,24,2,24,24,24
2009,Import,826441.791,13,1,13,13,13
2008,Import,6418.538,09,0,09,09,09
2019,Export,1398902.497,26,2,26,26,26
2014,Export,434742.969,30,3,30,30,30
2015,Import,14721.805,24,2,24,24,24
2017,Export,155534.929,39,3,39,39,39
2012,Export,103132.554,25,2,25,25,25
2017,Import,70514.767,25,2,25,25,25
2014,Export,32048.796,27,2,27,27,27
2012,Import,2107.877,21,2,21,21,21
2019,Import,61820.851,02,0,02,02,02
2018,Import,1365.889,21,2,21,21,21
2010,Export,1425696.814,01,0,01,01,01
2016,Export,446571.057,30,3,30,30,30
2017,Import,1247992.015,20,2,20,20,20
2017,Import,816.034,21,2,21,21,21
2019,Import,19867.716,09,0,09,09,09
2012,Import,609723.186,33,3,33,33,33
2019,Import,138573.124,01,0,01,01,01
2014,Import,323475.279,29,2,29,29,29
2017,Import,3389436.993,35,3,35,35,35
2012,Export,93003.809,22,2,22,22,22
2013,Export,484729.016,34,3,34,34,34
2010,Import,1479319.087,36,3,36,36,36
2010,Export,2359510.921,35,3,35,35,35
2017,Export,2983509.324,13,1,13,13,13
2009,Import,1315553.529,38,3,38,38,38
2009,Import,5298063.553,35,3,35,35,35
2018,Import,1325757.529,38,3,38,38,38
2014,Import,155005.779,25,2,25,25,25
2012,Export,2955843.216,35,3,35,35,35
2009,Import,33647.341,02,0,02,02,02
2014,Export,1968411.937,20,2,20,20,20
2009,Import,224952.486,29,2,29,29,29
2011,Import,1694373.169,36,3,36,36,36
2019,Export,46453.636,14,1,14,14,14
2014,Export,104121.597,22,2,22,22,22
2014,Export,763140.897,36,3,36,36,36
2012,Export,56635.099,14,1,14,14,14
2010,Import,66101.82,39,3,39,39,39
2013,Export,29879.238,23,2,23,23,23
2015,Import,66418.75,39,3,39,39,39
2015,Export,3142061.22,37,3,37,37,37
2015,Import,361425.559,26,2,26,26,26
2012,Export,122679.558,39,3,39,39,39
2018,Export,718396.189,36,3,36,36,36
2016,Import,36249.918,27,2,27,27,27
2013,Import,10848.876,91,9,91,91,91
2010,Export,226657.192,10,1,10,10,10
2012,Export,72412.812,09,0,09,09,09
2019,Export,295945.833,10,1,10,10,10
2008,Export,1256711.546,36,3,36,36,36
2018,Export,1284281,24,2,24,24,24
2012,Import,434973.061,26,2,26,26,26
2012,Import,39803.176,02,0,02,02,02
2017,Export,567618.055,36,3,36,36,36
2016,Import,133030.2,25,2,25,25,25
2009,Import,2202.445,09,0,09,09,09
2013,Export,10122.129,08,0,08,08,08
2009,Export,55988.115,14,1,14,14,14
2018,Export,913968.894,32,3,32,32,32
2008,Export,4492444.729,33,3,33,33,33
2015,Export,56498.432,14,1,14,14,14
2015,Export,875889.399,24,2,24,24,24
2017,Import,37278.018,27,2,27,27,27
2015,Export,32861.886,27,2,27,27,27
2010,Export,8015.303,08,0,08,08,08
2012,Import,1800423.732,36,3,36,36,36
2012,Import,1936323.105,38,3,38,38,38
2011,Export,79134.935,09,0,09,09,09
2016,Import,1427153.624,38,3,38,38,38
2009,Import,1221198.47,36,3,36,36,36
2019,Export,1251410.282,01,0,01,01,01
2010,Import,643744.679,30,3,30,30,30
2012,Import,45730.321,27,2,27,27,27
2010,Import,126635.542,22,2,22,22,22
2008,Import,219749.307,14,1,14,14,14
2010,Import,36370.648,02,0,02,02,02
2008,Export,2933196.429,35,3,35,35,35
2009,Import,719811.136,34,3,34,34,34
2019,Export,27680.35,27,2,27,27,27
2010,Import,13118.826,10,1,10,10,10
2014,Export,63419.126,14,1,14,14,14
2013,Export,28776.171,27,2,27,27,27
2019,Import,77012.026,25,2,25,25,25
2012,Import,7815008.802,35,3,35,35,35
2013,Export,988034.98,32,3,32,32,32
2017,Export,965818.229,32,3,32,32,32
2008,Import,40932.267,27,2,27,27,27
2011,Export,536424.895,24,2,24,24,24
2016,Import,521447.018,12,1,12,12,12
2014,Import,151781.975,14,1,14,14,14
2019,Export,2272602.813,20,2,20,20,20
2013,Export,3995493.995,33,3,33,33,33
2016,Import,436.859,21,2,21,21,21
2016,Export,31233.4,23,2,23,23,23
2014,Import,4947.334,31,3,31,31,31
2015,Import,6349345.264,35,3,35,35,35
2012,Export,28830.868,27,2,27,27,27
2018,Export,12739.793,08,0,08,08,08
2013,Import,10350.377,24,2,24,24,24
2008,Export,186724.839,22,2,22,22,22
2008,Import,899907.449,34,3,34,34,34
2009,Export,481158.428,31,3,31,31,31
2014,Import,50689.876,27,2,27,27,27
2008,Import,575.575,21,2,21,21,21
2012,Export,5687290.22,13,1,13,13,13
2010,Import,142277.449,25,2,25,25,25
2011,Export,2166420.282,01,0,01,01,01
2017,Import,184371.365,01,0,01,01,01
2014,Import,1178277.806,34,3,34,34,34
2017,Export,2246883.359,20,2,20,20,20
2015,Export,663462.592,36,3,36,36,36
2018,Export,28051.399,23,2,23,23,23
2012,Import,145550.215,25,2,25,25,25
2009,Import,454650.438,30,3,30,30,30
2010,Import,196645.015,32,3,32,32,32
2015,Export,2131864.694,13,1,13,13,13
2012,Import,6158.368,31,3,31,31,31
2010,Export,112956.528,23,2,23,23,23
2018,Export,1221204.71,26,2,26,26,26
2013,Export,743565.152,24,2,24,24,24
2011,Export,349707.789,29,2,29,29,29
2015,Import,12440.066,09,0,09,09,09
2011,Import,6714.508,09,0,09,09,09
2008,Export,816149.656,24,2,24,24,24
2014,Export,838563.133,24,2,24,24,24
2010,Import,2999462.86,13,1,13,13,13
2015,Export,1028622.722,32,3,32,32,32
2015,Import,1535418.089,36,3,36,36,36
2014,Export,79482.529,91,9,91,91,91
2013,Export,91693.33,09,0,09,09,09
2017,Export,4462914.634,33,3,33,33,33
2018,Import,11245.431,10,1,10,10,10
2019,Export,1545776.776,28,2,28,28,28
2018,Import,589325.906,34,3,34,34,34
2019,Import,7989.392,31,3,31,31,31
2013,Export,56860.452,14,1,14,14,14
2014,Import,15072.652,09,0,09,09,09
2019,Import,860254.077,37,3,37,37,37
2009,Import,331362.471,26,2,26,26,26
2017,Export,2759329.764,37,3,37,37,37
2016,Export,119433.921,02,0,02,02,02
2014,Import,501002.83,33,3,33,33,33
2012,Import,18561.8,91,9,91,91,91
2008,Export,43982.613,02,0,02,02,02
2008,Export,690546.275,31,3,31,31,31
2018,Import,3371272.431,35,3,35,35,35
2014,Import,214622.098,32,3,32,32,32
2016,Export,3201206.712,33,3,33,33,33
2010,Export,1409775.829,20,2,20,20,20
2013,Import,1161778.089,34,3,34,34,34
2010,Export,631171.793,37,3,37,37,37
2012,Export,1856.579,21,2,21,21,21
2009,Import,101041.715,01,0,01,01,01
2019,Import,614559.043,30,3,30,30,30
2015,Export,149218.622,39,3,39,39,39
2016,Import,96618.758,22,2,22,22,22
2010,Export,125262.82,22,2,22,22,22
2008,Import,6856.045,08,0,08,08,08
2016,Import,5524338.726,35,3,35,35,35
2016,Import,124432.785,32,3,32,32,32
2008,Export,335823.453,10,1,10,10,10
2016,Export,1408175.315,13,1,13,13,13
2013,Export,3691451.93,13,1,13,13,13
2009,Import,146166.349,25,2,25,25,25
2018,Export,519993.765,34,3,34,34,34
2016,Export,149841.979,25,2,25,25,25
2012,Import,1360629.89,12,1,12,12,12
2018,Import,91743.344,22,2,22,22,22
2011,Export,98109.256,22,2,22,22,22
2014,Import,614581.621,20,2,20,20,20
2009,Export,33840.095,27,2,27,27,27
2014,Import,411285.087,26,2,26,26,26
2014,Export,115349.878,02,0,02,02,02
2008,Import,1530591.656,36,3,36,36,36
2010,Import,464978.126,29,2,29,29,29
2013,Import,2068368.297,36,3,36,36,36
2016,Import,328553.523,01,0,01,01,01
2017,Export,88737.004,22,2,22,22,22
2017,Export,1502884.973,28,2,28,28,28
2013,Import,381382.518,29,2,29,29,29
2016,Export,246151.389,29,2,29,29,29
2010,Export,1027166.284,28,2,28,28,28
2010,Import,6561225.026,35,3,35,35,35
2019,Import,868455.169,20,2,20,20,20
2017,Import,1075020.499,12,1,12,12,12
2012,Import,6742.471,08,0,08,08,08
2014,Import,15800.267,24,2,24,24,24
2018,Import,1104995.944,36,3,36,36,36
2011,Export,242890.892,38,3,38,38,38
2016,Export,222042.332,10,1,10,10,10
2017,Import,4554.857,91,9,91,91,91
2013,Export,136816.706,39,3,39,39,39
2017,Import,284080.513,26,2,26,26,26
2015,Import,3045655.059,13,1,13,13,13
2009,Import,65939.061,14,1,14,14,14
2016,Import,48653.236,39,3,39,39,39
2008,Import,53913.198,39,3,39,39,39
2013,Import,150428.663,22,2,22,22,22
2008,Export,2211209.061,20,2,20,20,20
2009,Export,861092.16,36,3,36,36,36
2013,Export,441899.343,29,2,29,29,29
2008,Export,13397.01,08,0,08,08,08
2012,Export,209845.735,10,1,10,10,10
2011,Import,730531.614,30,3,30,30,30
2015,Import,1659429.272,38,3,38,38,38
2012,Import,25353.59,23,2,23,23,23
2019,Import,11136.011,23,2,23,23,23
2017,Import,7159353.877,28,2,28,28,28
2012,Export,1209591.097,37,3,37,37,37
2011,Import,4326805.61,13,1,13,13,13
2017,Export,109984.269,09,0,09,09,09
2011,Import,1967412.768,37,3,37,37,37
2009,Import,7131.619,08,0,08,08,08
2015,Export,47855.443,91,9,91,91,91
2015,Export,1976569.751,20,2,20,20,20
2016,Export,4009692.847,35,3,35,35,35
2019,Export,155533.235,02,0,02,02,02
2008,Export,21723.325,91,9,91,91,91
2018,Export,2234988.618,20,2,20,20,20
2019,Import,31352.16,27,2,27,27,27
2018,Import,130013.451,32,3,32,32,32
2013,Import,427922.324,26,2,26,26,26
2019,Import,50187.333,10,1,10,10,10
2009,Export,720.004,21,2,21,21,21
2013,Import,4538.001,31,3,31,31,31
2016,Export,964623.889,24,2,24,24,24
2011,Import,1861348.551,12,1,12,12,12
2017,Import,16040.475,09,0,09,09,09
2015,Import,2014.279,10,1,10,10,10
2009,Export,741978.695,26,2,26,26,26
2009,Import,11465.715,91,9,91,91,91
2014,Import,6185406.774,13,1,13,13,13
2010,Export,26843.984,91,9,91,91,91
2009,Export,6493.27,91,9,91,91,91
2016,Export,245407.229,38,3,38,38,38
2009,Import,5068.236,31,3,31,31,31
2019,Export,595559.412,34,3,34,34,34
2008,Export,125260.2,39,3,39,39,39
2012,Import,440032.481,29,2,29,29,29
2018,Import,15150.048,24,2,24,24,24
2008,Import,2241862.627,37,3,37,37,37
2016,Import,3073.823,10,1,10,10,10
2014,Export,244018.372,38,3,38,38,38
2010,Import,35475.546,91,9,91,91,91
2018,Export,333206.454,10,1,10,10,10
2013,Import,48364.125,27,2,27,27,27
2010,Import,7514797.374,28,2,28,28,28
2019,Import,41558.973,91,9,91,91,91
2011,Export,122033.757,39,3,39,39,39
2014,Export,30318.128,23,2,23,23,23
2016,Export,50631.605,91,9,91,91,91
2013,Export,453028.749,30,3,30,30,30
2017,Import,1092.16,10,1,10,10,10
2015,Export,1212416.361,26,2,26,26,26
2015,Export,98148.174,02,0,02,02,02
2013,Import,12467.7,09,0,09,09,09
2009,Export,218852.35,29,2,29,29,29
2014,Export,130125.986,25,2,25,25,25
2008,Export,48060.665,27,2,27,27,27
2019,Export,986797.652,36,3,36,36,36
2016,Import,695408.666,20,2,20,20,20
2010,Export,536563.413,31,3,31,31,31
2010,Export,101073.929,25,2,25,25,25
2010,Export,2423895.131,33,3,33,33,33
2014,Import,9563282.899,28,2,28,28,28
2014,Import,1993220.117,38,3,38,38,38
2015,Export,255544.4,29,2,29,29,29
2008,Import,1260204.58,13,1,13,13,13
2009,Export,1353934.825,20,2,20,20,20
2015,Export,418847.187,31,3,31,31,31
2008,Export,536117.535,34,3,34,34,34
2013,Export,434883.944,31,3,31,31,31
2013,Export,0.627,12,1,12,12,12
2015,Export,409227.917,34,3,34,34,34
2011,Import,17423.092,10,1,10,10,10
2011,Import,32984.576,91,9,91,91,91
2018,Export,26068.836,91,9,91,91,91
2010,Import,19789.892,23,2,23,23,23
2011,Import,947.685,21,2,21,21,21
2017,Export,1195191.539,01,0,01,01,01
2016,Import,528617.021,30,3,30,30,30
2019,Import,73158.517,22,2,22,22,22
2010,Export,109296.578,09,0,09,09,09
2013,Import,1579.888,21,2,21,21,21
2014,Export,3935409.559,35,3,35,35,35
2008,Import,18957.016,91,9,91,91,91
2015,Export,274253.45,10,1,10,10,10
2016,Import,7152364.228,28,2,28,28,28
2010,Export,104279.412,39,3,39,39,39
2011,Import,50544.176,27,2,27,27,27
2009,Import,34220.314,27,2,27,27,27
2019,Import,863136.721,36,3,36,36,36
2015,Import,4262.794,31,3,31,31,31
2011,Import,16239.39,24,2,24,24,24
2010,Import,418213.363,26,2,26,26,26
2016,Import,8227.54,91,9,91,91,91
2013,Export,246669.072,38,3,38,38,38
2016,Import,4713.89,31,3,31,31,31
2018,Export,140225.161,09,0,09,09,09
2011,Export,99208.708,25,2,25,25,25
2017,Import,39130.636,02,0,02,02,02
2009,Export,125293.657,22,2,22,22,22
2016,Import,1247655.171,36,3,36,36,36
2009,Export,492010.196,34,3,34,34,34
2010,Import,1015167.437,34,3,34,34,34
2018,Export,17356.157,27,2,27,27,27
2008,Export,53494.745,14,1,14,14,14
2019,Import,640.364,21,2,21,21,21
2010,Export,57820.68,14,1,14,14,14
2012,Export,59217.711,02,0,02,02,02
2010,Export,296971.006,29,2,29,29,29
2013,Import,829948.722,30,3,30,30,30
2017,Export,32364.41,23,2,23,23,23
2018,Export,3860086.544,13,1,13,13,13
2019,Import,1160473.218,12,1,12,12,12
2011,Import,9330.672,31,3,31,31,31
2008,Import,895610.409,33,3,33,33,33
2008,Export,188635.441,23,2,23,23,23
2016,Export,3471193.417,37,3,37,37,37
2015,Export,140280.818,25,2,25,25,25
2012,Export,446905.747,31,3,31,31,31
2011,Export,4410231.335,33,3,33,33,33
2010,Export,4104970.571,13,1,13,13,13
2016,Import,96835.399,14,1,14,14,14
2010,Import,1655143.667,38,3,38,38,38
2012,Export,1266586.9,28,2,28,28,28
2014,Export,4832725.11,33,3,33,33,33
2012,Export,1699962.263,01,0,01,01,01
2013,Import,235224.709,32,3,32,32,32
2018,Import,49246.792,39,3,39,39,39
2019,Export,2540141.483,37,3,37,37,37
2017,Import,95612.055,14,1,14,14,14
2009,Export,70282.965,09,0,09,09,09
2016,Import,709110.083,34,3,34,34,34
2011,Export,2021.465,21,2,21,21,21
2009,Import,9784.226,24,2,24,24,24
2019,Export,35238.504,91,9,91,91,91
2009,Import,1035852.015,12,1,12,12,12
2018,Export,1703258.214,28,2,28,28,28
2018,Export,623874.586,30,3,30,30,30
2011,Import,566092.606,29,2,29,29,29
2011,Export,699395.316,36,3,36,36,36
2014,Export,1224699.777,26,2,26,26,26
2019,Export,163914.505,29,2,29,29,29
2018,Import,264451.165,26,2,26,26,26
2014,Export,410500.466,34,3,34,34,34
2010,Import,1150961.491,12,1,12,12,12
2012,Export,2849930.24,20,2,20,20,20
2008,Import,6478734.957,35,3,35,35,35
2018,Import,76170.987,25,2,25,25,25
2019,Export,4974182.422,13,1,13,13,13
2014,Import,1573348.445,37,3,37,37,37
2011,Import,38438.888,02,0,02,02,02
2008,Export,3455404.218,37,3,37,37,37
2013,Import,1725424.01,37,3,37,37,37
2014,Export,403844.169,29,2,29,29,29
2015,Export,3844027.794,33,3,33,33,33
2018,Import,146293.547,14,1,14,14,14
2018,Import,51761.621,02,0,02,02,02
2019,Import,649406.312,34,3,34,34,34
2008,Import,2251.051,10,1,10,10,10
2018,Import,539903.861,30,3,30,30,30
2017,Import,16335.186,24,2,24,24,24
2016,Import,181092.718,29,2,29,29,29
2010,Import,558.939,21,2,21,21,21
2010,Export,31274.207,27,2,27,27,27
2009,Import,468258.967,33,3,33,33,33
2008,Export,1124853.872,01,0,01,01,01
2017,Export,300119.687,38,3,38,38,38
2009,Export,846031.201,28,2,28,28,28
2018,Import,8192373.034,28,2,28,28,28
2012,Import,63347.381,01,0,01,01,01
2014,Export,90061.892,09,0,09,09,09
2013,Export,2448397.621,20,2,20,20,20
2017,Import,299522.331,33,3,33,33,33
2010,Import,270426.667,20,2,20,20,20
2011,Export,2969150.32,35,3,35,35,35
2010,Export,599566.006,30,3,30,30,30
2013,Import,14763.723,10,1,10,10,10
2014,Import,16154.235,23,2,23,23,23
2016,Import,844487.208,37,3,37,37,37
2009,Export,1683109.05,33,3,33,33,33
2012,Import,224570.132,32,3,32,32,32
2019,Export,2375.416,21,2,21,21,21
2011,Export,35083.384,91,9,91,91,91
2009,Export,59334.55,02,0,02,02,02
2017,Import,1261920.334,38,3,38,38,38
2008,Export,1011131.586,26,2,26,26,26
2009,Import,93718.187,22,2,22,22,22
2015,Import,44621.339,02,0,02,02,02
2015,Import,130882.546,14,1,14,14,14
2013,Import,19093.457,23,2,23,23,23
2008,Export,578430.32,30,3,30,30,30
2018,Import,16654.9,09,0,09,09,09
2017,Export,1090753.169,26,2,26,26,26
2016,Export,11771.407,08,0,08,08,08
2013,Import,469992.969,20,2,20,20,20
2018,Import,977022.639,37,3,37,37,37
2019,Export,33.405,12,1,12,12,12
2010,Import,6594.411,08,0,08,08,08
2008,Export,1099384.609,28,2,28,28,28
2017,Export,323297.478,29,2,29,29,29
2013,Export,1825.183,21,2,21,21,21
2017,Export,465445.354,31,3,31,31,31
2016,Import,12517.93,23,2,23,23,23
2011,Export,22901.425,27,2,27,27,27
2011,Import,644312.653,33,3,33,33,33
2009,Export,131489.173,23,2,23,23,23
2017,Export,280831.526,10,1,10,10,10
2019,Import,8267201.632,28,2,28,28,28
2018,Export,1153.661,21,2,21,21,21
2015,Import,616598.766,20,2,20,20,20
2009,Export,443208.341,30,3,30,30,30
2018,Import,6111.564,31,3,31,31,31
2016,Import,18462.486,24,2,24,24,24
2010,Export,1042544.579,26,2,26,26,26
2016,Export,2029650.989,20,2,20,20,20
2017,Export,45976.195,14,1,14,14,14
2014,Import,2013020.173,36,3,36,36,36
2015,Import,257553.783,29,2,29,29,29
2019,Export,610106.561,30,3,30,30,30
2012,Import,13438.576,10,1,10,10,10
2018,Export,397824.72,31,3,31,31,31
2011,Import,1026415.86,34,3,34,34,34
2015,Import,41939.119,27,2,27,27,27
2018,Export,1063208.607,01,0,01,01,01
2011,Export,31768.472,23,2,23,23,23
2017,Import,14852.734,23,2,23,23,23
2017,Import,531144.125,34,3,34,34,34
2012,Export,8449.211,08,0,08,08,08
2019,Export,385402.532,38,3,38,38,38
2015,Import,1475.492,21,2,21,21,21
2015,Import,144022.392,25,2,25,25,25
2009,Import,5906672.246,28,2,28,28,28
2011,Export,613814.922,30,3,30,30,30
2014,Import,43102.858,02,0,02,02,02
2016,Export,610573.997,36,3,36,36,36
2016,Export,429951.362,34,3,34,34,34
2010,Export,942.694,21,2,21,21,21
2009,Export,0.132,12,1,12,12,12
2016,Import,343194.978,33,3,33,33,33
2019,Export,252496.362,25,2,25,25,25
2010,Export,596357.205,24,2,24,24,24
2012,Import,7829.171,09,0,09,09,09
2008,Export,4901750.018,13,1,13,13,13
2013,Import,2097975.345,38,3,38,38,38
2008,Export,181968.965,25,2,25,25,25
2018,Import,16110.411,23,2,23,23,23
2014,Import,150306.278,22,2,22,22,22
2016,Import,14877.233,09,0,09,09,09
2009,Export,126589.777,10,1,10,10,10
2009,Export,112618.234,25,2,25,25,25
2014,Export,362145.685,10,1,10,10,10
2011,Export,849283.9,37,3,37,37,37
2016,Export,91391.355,22,2,22,22,22
2017,Export,171048.396,02,0,02,02,02
2014,Import,908230.203,01,0,01,01,01
2019,Export,31884.427,23,2,23,23,23
2008,Import,387555.372,26,2,26,26,26
2014,Export,9398.261,08,0,08,08,08
2015,Import,6587.364,08,0,08,08,08
2008,Import,217018.065,20,2,20,20,20
2013,Import,5288629.982,13,1,13,13,13
2011,Export,1137226.928,26,2,26,26,26
2015,Import,8175190.399,28,2,28,28,28
2019,Import,4085494.09,35,3,35,35,35
2011,Import,162197.542,14,1,14,14,14
2013,Import,141086.861,14,1,14,14,14
2009,Export,1120901.001,01,0,01,01,01
2017,Import,5525.763,08,0,08,08,08
2011,Import,9543889.319,28,2,28,28,28
2017,Import,651153.995,37,3,37,37,37
2008,Import,7173854.084,28,2,28,28,28
2014,Export,1161525.23,28,2,28,28,28
2009,Import,149340.807,32,3,32,32,32
2011,Export,56901.829,14,1,14,14,14
2013,Import,1090961.145,12,1,12,12,12
2011,Import,1878291.85,38,3,38,38,38
2009,Import,15496.417,23,2,23,23,23
2009,Export,1697214.576,35,3,35,35,35
2018,Export,2459993.705,37,3,37,37,37
2015,Import,178300.069,32,3,32,32,32
2016,Export,1741.22,21,2,21,21,21
2016,Export,1253838.626,28,2,28,28,28
2008,Import,112164.033,22,2,22,22,22
2018,Import,311861.252,33,3,33,33,33
2016,Export,57881.108,14,1,14,14,14
2009,Export,5222.485,08,0,08,08,08
2012,Import,160135.137,22,2,22,22,22
2014,Export,487342.525,31,3,31,31,31
2018,Import,129974.719,01,0,01,01,01
2011,Import,5841.283,08,0,08,08,08
2019,Import,16611.014,24,2,24,24,24
2012,Export,59561.518,91,9,91,91,91
2017,Import,259458.845,29,2,29,29,29
2019,Import,107768.856,32,3,32,32,32
2017,Import,6412.639,31,3,31,31,31
2014,Import,1061.332,21,2,21,21,21
2009,Import,5138.374,10,1,10,10,10
2013,Export,1087946.435,28,2,28,28,28
2017,Export,4790603.639,35,3,35,35,35
2012,Import,997479.088,34,3,34,34,34
2008,Import,39133.525,02,0,02,02,02
2010,Import,5860.484,31,3,31,31,31
2012,Export,569965.312,30,3,30,30,30
2012,Import,93231.803,39,3,39,39,39
2008,Import,1449668.478,38,3,38,38,38
2014,Export,3529422.781,13,1,13,13,13
2015,Import,144287.686,01,0,01,01,01
2017,Export,514561.391,30,3,30,30,30
2012,Import,351184.962,20,2,20,20,20
2012,Export,250633.807,38,3,38,38,38
2014,Import,789008.055,30,3,30,30,30
2013,Export,41008.169,91,9,91,91,91
2018,Import,1114987.552,20,2,20,20,20
2017,Import,117956.525,32,3,32,32,32
2019,Import,10078289.397,13,1,13,13,13
2008,Import,392301.755,01,0,01,01,01
2010,Export,604079.408,36,3,36,36,36
2015,Export,0.021,12,1,12,12,12
2019,Export,4783829.645,33,3,33,33,33
2012,Export,4455364.759,33,3,33,33,33
2018,Import,1151095.192,12,1,12,12,12
2011,Import,328341.102,20,2,20,20,20
2013,Import,10928.428,08,0,08,08,08
2008,Import,15418.262,23,2,23,23,23
2014,Import,10913.883,10,1,10,10,10
2017,Export,40003.331,91,9,91,91,91
2013,Export,3244086.013,35,3,35,35,35
2013,Import,156897.611,25,2,25,25,25
2008,Export,1572.377,21,2,21,21,21
2015,Import,643494.431,30,3,30,30,30
2009,Export,542591.058,32,3,32,32,32
2010,Import,184609.473,01,0,01,01,01
2018,Export,67390.181,22,2,22,22,22
2011,Export,2185815.531,20,2,20,20,20
2011,Import,22261.684,23,2,23,23,23
2011,Export,1343966.812,28,2,28,28,28
2017,Import,525768.196,30,3,30,30,30
2018,Export,149851.09,39,3,39,39,39
2015,Export,1642.432,21,2,21,21,21
2017,Export,182297.258,25,2,25,25,25
2013,Import,9788921.467,28,2,28,28,28
2011,Import,7778476.374,35,3,35,35,35
2014,Import,6075.742,08,0,08,08,08
2008,Export,284079.78,29,2,29,29,29
2008,Import,378143.124,29,2,29,29,29
2019,Import,49058.157,39,3,39,39,39
2019,Import,1302772.591,38,3,38,38,38
2009,Export,2560215.61,13,1,13,13,13
2017,Import,1124547.084,36,3,36,36,36
2014,Import,14620.565,91,9,91,91,91
2016,Export,1283978.639,01,0,01,01,01
2018,Export,5158999.551,33,3,33,33,33
2010,Import,595002.225,33,3,33,33,33
2010,Import,111844.303,14,1,14,14,14
2009,Import,47431.081,39,3,39,39,39
2012,Import,8912115.215,28,2,28,28,28
2012,Import,176088.331,14,1,14,14,14
2008,Import,1008146.145,12,1,12,12,12
2017,Export,461137.619,34,3,34,34,34
2015,Export,107060.243,09,0,09,09,09
2016,Import,3644309.329,13,1,13,13,13
2015,Export,1527145.725,01,0,01,01,01
2013,Export,1279011.031,26,2,26,26,26
2016,Export,28568.17,27,2,27,27,27
2009,Export,197709.52,38,3,38,38,38
2013,Import,8202064.972,35,3,35,35,35
2019,Export,155845.947,09,0,09,09,09
2018,Export,44793.385,14,1,14,14,14
2012,Export,625924.438,24,2,24,24,24
2010,Export,705298.249,32,3,32,32,32
2015,Import,413648.835,33,3,33,33,33
2013,Export,772262.978,36,3,36,36,36
2008,Import,215060.607,32,3,32,32,32
2019,Export,14712.127,08,0,08,08,08
2011,Import,79855.441,39,3,39,39,39
2011,Export,457177.231,34,3,34,34,34
2012,Export,27830.723,23,2,23,23,23
2016,Export,101687.425,09,0,09,09,09
2011,Export,5798098.146,13,1,13,13,13
2015,Export,419773.326,30,3,30,30,30
2013,Import,39455.216,02,0,02,02,02
2012,Export,778866.753,32,3,32,32,32
2013,Export,1463890.278,37,3,37,37,37
2011,Import,428503.722,01,0,01,01,01
2014,Import,834270.139,12,1,12,12,12
2013,Export,111486.306,25,2,25,25,25
2011,Import,455546.961,26,2,26,26,26
2012,Export,393139.594,29,2,29,29,29
2016,Export,967413.454,32,3,32,32,32
2011,Import,164178.468,22,2,22,22,22
2018,Import,9130999.465,13,1,13,13,13
2011,Export,472903.397,31,3,31,31,31
2010,Export,430294.122,34,3,34,34,34
2013,Export,93983.232,22,2,22,22,22
2016,Export,458093.755,31,3,31,31,31
2009,Import,217755.228,20,2,20,20,20
2010,Export,216893.13,38,3,38,38,38
2010,Export,66961.854,02,0,02,02,02
2013,Export,69881.581,02,0,02,02,02
2016,Export,172630.48,39,3,39,39,39
2016,Import,5038.177,08,0,08,08,08
2018,Import,31559.14,27,2,27,27,27
2019,Export,62363.68,22,2,22,22,22
2013,Export,227026.512,10,1,10,10,10
2018,Import,410757.612,29,2,29,29,29
2014,Export,2303789.254,37,3,37,37,37
2018,Import,5589.758,08,0,08,08,08
2017,Export,21698.067,27,2,27,27,27
2008,Import,212343.417,25,2,25,25,25
2014,Import,7473728.615,35,3,35,35,35
2013,Import,88945.539,39,3,39,39,39
2015,Export,106273.95,22,2,22,22,22
2018,Export,312806.61,38,3,38,38,38
2011,Import,239256.261,32,3,32,32,32
2017,Import,6550135.755,13,1,13,13,13
